{
  "project_info": {
    "project_number": "811210266451",
    "firebase_url": "https://neighbourbase-7d50a.firebaseio.com",
    "project_id": "neighbourbase-7d50a",
    "storage_bucket": "neighbourbase-7d50a.appspot.com"
  },
  "client": [
    {
      "client_info": {
        "mobilesdk_app_id": "1:811210266451:android:df9a03fe0ee31450",
        "android_client_info": {
          "package_name": "info.com.neighbourbase"
        }
      },
      "oauth_client": [
        {
          "client_id": "811210266451-pphlrd9sed2le7dg3ccbtn51irujr9nh.apps.googleusercontent.com",
          "client_type": 3
        }
      ],
      "api_key": [
        {
          "current_key": "AIzaSyBpEuUXKZ0YsKQ2_2D0CCIHScfebtpB3cE"
        }
      ],
      "services": {
        "analytics_service": {
          "status": 1
        },
        "appinvite_service": {
          "status": 1,
          "other_platform_oauth_client": []
        },
        "ads_service": {
          "status": 2
        }
      }
    }
  ],
  "configuration_version": "1"
}